Workbook

Sheet Previsao por selecao
A1: Copa do Mundo 2026 — Previsão por seleção
A2: Fase (odds): só pelas cotações das casas. Fase (chave): simulando o chaveamento do sorteio de 5/12/2025.
A4: # | B4: Seleção | C4: Grupo | D4: Fase prevista (odds) | E4: Fase estimada (chave) | F4: Zebra | G4: Decepcao
A5: 1 | B5: Espanha | C5: H | D5: Campeão | E5: Campeã | F5: x
A6: 2 | B6: França | C6: I | D6: Final (vice) | E6: 3º lugar | F6: x
A7: 3 | B7: Inglaterra | C7: L | D7: Semifinais | E7: Vice (final) | F7: x
A8: 4 | B8: Brasil | C8: C | D8: Semifinais | E8: Quartas de final | F8: x
A9: 5 | B9: Argentina | C9: J | D9: Quartas de final | E9: 4º lugar | F9: x
A10: 6 | B10: Portugal | C10: K | D10: Quartas de final | E10: Quartas de final | F10: x
A11: 7 | B11: Alemanha | C11: E | D11: Quartas de final | E11: Oitavas de final | F11: semi
A12: 8 | B12: Holanda | C12: F | D12: Quartas de final | E12: Quartas de final | F12: semi
A13: 9 | B13: Noruega | C13: I | D13: Oitavas de final | E13: Oitavas de final | F13: semi
A14: 10 | B14: Bélgica | C14: G | D14: Oitavas de final | E14: Quartas de final
A15: 11 | B15: Colômbia | C15: K | D15: Oitavas de final | E15: Oitavas de final
A16: 12 | B16: Marrocos | C16: C | D16: Oitavas de final | E16: Round of 32
A17: 13 | B17: Estados Unidos | C17: D | D17: Oitavas de final | E17: Oitavas de final
A18: 14 | B18: Japão | C18: F | D18: Oitavas de final | E18: Round of 32
A19: 15 | B19: Uruguai | C19: H | D19: Oitavas de final | E19: Round of 32
A20: 16 | B20: Croácia | C20: L | D20: Oitavas de final | E20: Round of 32
A21: 17 | B21: Equador | C21: E | D21: Round of 32 | E21: Round of 32
A22: 18 | B22: México | C22: A | D22: Round of 32 | E22: Oitavas de final
A23: 19 | B23: Senegal | C23: I | D23: Round of 32 | E23: Round of 32
A24: 20 | B24: Suécia | C24: F | D24: Round of 32 | E24: Round of 32
A25: 21 | B25: Suíça | C25: B | D25: Round of 32 | E25: Oitavas de final
A26: 22 | B26: Turquia | C26: D | D26: Round of 32 | E26: Oitavas de final
A27: 23 | B27: Áustria | C27: J | D27: Round of 32 | E27: Round of 32 | G27: x
A28: 24 | B28: Canadá | C28: B | D28: Round of 32 | E28: Oitavas de final | G28: x
A29: 25 | B29: Paraguai | C29: D | D29: Round of 32 | E29: Round of 32 | G29: x
A30: 26 | B30: Tchéquia | C30: A | D30: Round of 32 | E30: Round of 32 | G30: x
A31: 27 | B31: Costa do Marfim | C31: E | D31: Round of 32 | E31: Round of 32 | G31: x
A32: 28 | B32: Argélia | C32: J | D32: Round of 32 | E32: Round of 32 | G32: x
A33: 29 | B33: Bósnia e Herzegovina | C33: B | D33: Round of 32 | E33: Round of 32 | G33: x
A34: 30 | B34: Egito | C34: G | D34: Round of 32 | E34: Round of 32 | G34: x
A35: 31 | B35: Gana | C35: L | D35: Round of 32 | E35: Round of 32 | G35: x
A36: 32 | B36: Coreia do Sul | C36: A | D36: Round of 32 | E36: Round of 32 | G36: x
A37: 33 | B37: Escócia | C37: C | D37: Fase de grupos | E37: Fase de grupos | G37: x
A38: 34 | B38: Austrália | C38: D | D38: Fase de grupos | E38: Fase de grupos | G38: x
... A52: 48 | B52: Haiti | C52: C | D52: Fase de grupos | E52: Fase de grupos | G52: x

Sheet Resumo por fase
A1: Resumo — contagem de seleções por fase
A3: Fase | B3: Por odds | C3: Pela chave | D3: Diferença
A4: Campeã | B4: =COUNTIF('Previsao por selecao'!D5:D52,"Campeão") -> 1 | C4: =COUNTIF('Previsao por selecao'!E5:E52,"Campeã") -> 1 | D4: =C4-B4 -> 0
A5: Vice (final) | B5: =COUNTIF('Previsao por selecao'!D5:D52,"Final (vice)") -> 1 | C5: =COUNTIF('Previsao por selecao'!E5:E52,"Vice (final)") -> 1 | D5: =C5-B5 -> 0
A6: 3º lugar | B6: =COUNTIF('Previsao por selecao'!D5:D52,"Semifinais")/2 -> 1 | C6: =COUNTIF('Previsao por selecao'!E5:E52,"3º lugar") -> 1 | D6: =C6-B6 -> 0
A7: 4º lugar | B7: =COUNTIF('Previsao por selecao'!D5:D52,"Semifinais")/2 -> 1 | C7: =COUNTIF('Previsao por selecao'!E5:E52,"4º lugar") -> 1 | D7: =C7-B7 -> 0
A8: Quartas de final | B8: =COUNTIF('Previsao por selecao'!D5:D52,"Quartas de final") -> 4 | C8: =COUNTIF('Previsao por selecao'!E5:E52,"Quartas de final") -> 4 | D8: =C8-B8 -> 0
A9: Oitavas de final | B9: =COUNTIF('Previsao por selecao'!D5:D52,"Oitavas de final") -> 8 | C9: =COUNTIF('Previsao por selecao'!E5:E52,"Oitavas de final") -> 8 | D9: =C9-B9 -> 0
A10: Round of 32 | B10: =COUNTIF('Previsao por selecao'!D5:D52,"Round of 32") -> 16 | C10: =COUNTIF('Previsao por selecao'!E5:E52,"Round of 32") -> 16 | D10: =C10-B10 -> 0
A11: Fase de grupos | B11: =COUNTIF('Previsao por selecao'!D5:D52,"Fase de grupos") -> 16 | C11: =COUNTIF('Previsao por selecao'!E5:E52,"Fase de grupos") -> 16 | D11: =C11-B11 -> 0
A12: Total | B12: =SUM(B4:B11) -> 48 | C12: =SUM(C4:C11) -> 48 | D12: =SUM(D4:D11) -> 0

Sheet Chaveamento
A1: Mata-mata previsto — vencedor em negrito
A3: ROUND OF 32
A4: Tchéquia | B4: x | C4: Canadá
A5: Alemanha | B5: x | C5: Paraguai
A6: Holanda | B6: x | C6: Marrocos
A7: Brasil | B7: x | C7: Japão
A8: França | B8: x | C8: Suécia
A9: Equador | B9: x | C9: Noruega
A10: México | B10: x | C10: Costa do Marfim
A11: Inglaterra | B11: x | C11: Senegal
A12: Estados Unidos | B12: x | C12: Bósnia e Herzegovina
A13: Bélgica | B13: x | C13: Coreia do Sul
A14: Colômbia | B14: x | C14: Croácia
A15: Espanha | B15: x | C15: Áustria
... A19: Turquia | B19: x | C19: Egito
A21: OITAVAS DE FINAL
A22: Alemanha | B22: x | C22: França
A23: Canadá | B23: x | C23: Holanda
A24: Brasil | B24: x | C24: Noruega
A25: México | B25: x | C25: Inglaterra
A26: Colômbia | B26: x | C26: Espanha
A27: Estados Unidos | B27: x | C27: Bélgica
A28: Argentina | B28: x | C28: Turquia
A29: Suíça | B29: x | C29: Portugal
A31: QUARTAS DE FINAL
A32: França | B32: x | C32: Holanda
A33: Espanha | B33: x | C33: Bélgica
A34: Brasil | B34: x | C34: Inglaterra
A35: Argentina | B35: x | C35: Portugal
A37: SEMIFINAIS
A38: França | B38: x | C38: Espanha
A39: Inglaterra | B39: x | C39: Argentina
A41: DISPUTA DE 3º LUGAR
A42: França | B42: x | C42: Argentina
A44: FINAL
A45: Espanha | B45: x | C45: Inglaterra

Sheet Pontuacao do bolao
A1: Sistema de pontuação do bolão
A3: Item | B3: Pontos | C3: Observação
A4: Por jogo (palpite de placar)
A5: Placar exato | B5: 5 pts | C5: Base — multiplicada por fase
A6: Vencedor correto | B6: 2 pts | C6: Empilha com os gols de um time
A7: Gols certos de 1 time | B7: 1 pt
A8: Pulou o jogo | B8: 0 pts
A10: Multiplicadores por fase (arredondar para cima)
A11: Fase de grupos | B11: x1.0
A12: Round of 32 | B12: x1.25
A13: Oitavas de final | B13: x1.5625
A14: Quartas / 3º lugar | B14: x1.953
A15: Semifinais | B15: x2.441
A16: Final | B16: x3.052 | C16: Placar exato vale 16 pts
A18: Bônus do torneio (sem multiplicador)
A19: Cada time que passa da fase de grupos | B19: 5 pts | C19: Até 32 times — máx 160 pts
A20: Cada finalista correto | B20: 20 pts | C20: Máx 40 pts
A21: Melhor jogador | B21: 20 pts
A22: Melhor jogador jovem | B22: 20 pts
A23: Melhor goleiro | B23: 20 pts
A24: Dark horse (votado no final) | B24: 15 pts
A25: Decepção do torneio (votado no final) | B25: 15 pts
